<?xml version="1.0" encoding="utf-8"?>
<ArrayOfData xmlns:xsi="http://www.w3.org/2001/XMLSchema-instance" xmlns:xsd="http://www.w3.org/2001/XMLSchema">
  <Data>
    <close>0.9506</close>
    <datehour>2001-01-03T00:00:00</datehour>
  </Data>
  <Data>
    <close>0.9496</close>
    <datehour>2001-01-03T01:00:00</datehour>
  </Data>
  <Data>
    <close>0.9505</close>
    <datehour>2001-01-03T02:00:00</datehour>
  </Data>
  <Data>
    <close>0.9499</close>
    <datehour>2001-01-03T03:00:00</datehour>
  </Data>
  <Data>
    <close>0.9503</close>
    <datehour>2001-01-03T04:00:00</datehour>
  </Data>
  <Data>
    <close>0.9506</close>
    <datehour>2001-01-03T05:00:00</datehour>
  </Data>
  <Data>
    <close>0.9505</close>
    <datehour>2001-01-03T06:00:00</datehour>
  </Data>
  <Data>
    <close>0.9509</close>
    <datehour>2001-01-03T07:00:00</datehour>
  </Data>
  <Data>
    <close>0.9489</close>
    <datehour>2001-01-03T08:00:00</datehour>
  </Data>
  <Data>
    <close>0.9539</close>
    <datehour>2001-01-03T09:00:00</datehour>
  </Data>
  <Data>
    <close>0.9541</close>
    <datehour>2001-01-03T10:00:00</datehour>
  </Data>
  <Data>
    <close>0.9565</close>
    <datehour>2001-01-03T11:00:00</datehour>
  </Data>
  <Data>
    <close>0.9547</close>
    <datehour>2001-01-03T12:00:00</datehour>
  </Data>
  <Data>
    <close>0.9527</close>
    <datehour>2001-01-03T13:00:00</datehour>
  </Data>
  <Data>
    <close>0.9513</close>
    <datehour>2001-01-03T14:00:00</datehour>
  </Data>
  <Data>
    <close>0.9491</close>
    <datehour>2001-01-03T15:00:00</datehour>
  </Data>
  <Data>
    <close>0.9462</close>
    <datehour>2001-01-03T16:00:00</datehour>
  </Data>
  <Data>
    <close>0.9473</close>
    <datehour>2001-01-03T17:00:00</datehour>
  </Data>
  <Data>
    <close>0.9449</close>
    <datehour>2001-01-03T18:00:00</datehour>
  </Data>
  <Data>
    <close>0.934</close>
    <datehour>2001-01-03T19:00:00</datehour>
  </Data>
  <Data>
    <close>0.9288</close>
    <datehour>2001-01-03T20:00:00</datehour>
  </Data>
  <Data>
    <close>0.9283</close>
    <datehour>2001-01-03T21:00:00</datehour>
  </Data>
  <Data>
    <close>0.9272</close>
    <datehour>2001-01-03T22:00:00</datehour>
  </Data>
  <Data>
    <close>0.9271</close>
    <datehour>2001-01-03T23:00:00</datehour>
  </Data>
  <Data>
    <close>0.9283</close>
    <datehour>2001-01-04T00:00:00</datehour>
  </Data>
  <Data>
    <close>0.9301</close>
    <datehour>2001-01-04T01:00:00</datehour>
  </Data>
  <Data>
    <close>0.9294</close>
    <datehour>2001-01-04T02:00:00</datehour>
  </Data>
  <Data>
    <close>0.9297</close>
    <datehour>2001-01-04T03:00:00</datehour>
  </Data>
  <Data>
    <close>0.9301</close>
    <datehour>2001-01-04T04:00:00</datehour>
  </Data>
</ArrayOfData>